{
  "feature_importance": {
    "proto": 0.03734645229086244,
    "service": 0.061705341431360555,
    "state": 0.0162037167106468,
    "dur": 0.02721341770337434,
    "spkts": 0.012460018498483954,
    "dpkts": 0.01510495349836654,
    "sbytes": 0.06313014625285555,
    "dbytes": 0.023883004089859897,
    "rate": 0.030371866398873477,
    "sttl": 0.052196929387283514,
    "dttl": 0.022540671753608646,
    "sload": 0.04376476461574101,
    "dload": 0.03040701104638025,
    "sloss": 0.008314168429276238,
    "dloss": 0.011302139028061065,
    "sinpkt": 0.022068701388867698,
    "dinpkt": 0.02086012334258948,
    "sjit": 0.019609219024517167,
    "djit": 0.016461623659247353,
    "swin": 0.0027298718543983815,
    "stcpb": 0.009864166968092456,
    "dtcpb": 0.0085880688020386,
    "dwin": 0.0008944681262701714,
    "tcprtt": 0.025595071511304867,
    "synack": 0.017615659558609494,
    "ackdat": 0.019915273454854523,
    "smean": 0.053754114770981395,
    "dmean": 0.023466761479940413,
    "trans_depth": 0.0029505846429804983,
    "response_body_len": 0.003314439009013794,
    "ct_srv_src": 0.0506852481324398,
    "ct_state_ttl": 0.03280876378180922,
    "ct_dst_ltm": 0.02853979263152145,
    "ct_src_dport_ltm": 0.029649259014414703,
    "ct_dst_sport_ltm": 0.03265316422026279,
    "ct_dst_src_ltm": 0.03909580432509445,
    "is_ftp_login": 0.00027173035655866744,
    "ct_ftp_cmd": 0.0002582381612825189,
    "ct_flw_http_mthd": 0.0029120027745786763,
    "ct_src_ltm": 0.022638661853617407,
    "ct_srv_dst": 0.05492411197226239,
    "is_sm_ips_ports": 0.0019304740474174029
  },
  "normal_baseline": {
    "dur": {
      "mean": 1.017177046232143,
      "std": 4.8592419831466
    },
    "spkts": {
      "mean": 30.725482142857143,
      "std": 57.344140812209346
    },
    "dpkts": {
      "mean": 38.057696428571425,
      "std": 105.77327678382603
    },
    "sbytes": {
      "mean": 4105.702928571429,
      "std": 11348.053814321527
    },
    "dbytes": {
      "mean": 31049.46314285714,
      "std": 139991.25070578686
    },
    "rate": {
      "mean": 13799.31211808975,
      "std": 68031.39445953765
    },
    "sttl": {
      "mean": 75.44598214285715,
      "std": 89.95637581087482
    },
    "dttl": {
      "mean": 64.27630357142857,
      "std": 86.57447051257002
    },
    "sload": {
      "mean": 23170702.730774283,
      "std": 151427436.453368
    },
    "dload": {
      "mean": 2062949.2436909152,
      "std": 3935216.8204968106
    },
    "sloss": {
      "mean": 5.014678571428571,
      "std": 7.948630963600499
    },
    "dloss": {
      "mean": 14.236928571428571,
      "std": 49.17992460211392
    },
    "sinpkt": {
      "mean": 2847.8824668672682,
      "std": 12510.284637384713
    },
    "dinpkt": {
      "mean": 121.19667803255355,
      "std": 1527.0938919895239
    },
    "sjit": {
      "mean": 5440.295684464232,
      "std": 50340.806298970034
    },
    "djit": {
      "mean": 965.2151782503392,
      "std": 6208.860674782938
    },
    "swin": {
      "mean": 178.11255357142858,
      "std": 117.01590049889808
    },
    "stcpb": {
      "mean": 1473765351.397232,
      "std": 1431070038.327427
    },
    "dtcpb": {
      "mean": 1463697455.0859642,
      "std": 1427233138.9805627
    },
    "dwin": {
      "mean": 174.218375,
      "std": 118.63026818293271
    },
    "tcprtt": {
      "mean": 0.03194473557142857,
      "std": 0.08905469344120563
    },
    "synack": {
      "mean": 0.01732686864285714,
      "std": 0.05098322626892463
    },
    "ackdat": {
      "mean": 0.01461786692857143,
      "std": 0.045276482603458026
    },
    "smean": {
      "mean": 139.978,
      "std": 187.63073662065435
    },
    "dmean": {
      "mean": 253.06739285714286,
      "std": 324.00043529350796
    },
    "trans_depth": {
      "mean": 0.09373214285714286,
      "std": 0.29565566948786404
    },
    "response_body_len": {
      "mean": 3834.699107142857,
      "std": 43613.48030067486
    },
    "ct_srv_src": {
      "mean": 5.727303571428571,
      "std": 5.9095980891090285
    },
    "ct_state_ttl": {
      "mean": 0.4992857142857143,
      "std": 1.009534816751876
    },
    "ct_dst_ltm": {
      "mean": 3.4915714285714285,
      "std": 3.351831206559022
    },
    "ct_src_dport_ltm": {
      "mean": 1.7938035714285714,
      "std": 2.731102304797346
    },
    "ct_dst_sport_ltm": {
      "mean": 1.1903035714285715,
      "std": 2.009392998695257
    },
    "ct_dst_src_ltm": {
      "mean": 3.87,
      "std": 5.391389741131126
    },
    "is_ftp_login": {
      "mean": 0.01698214285714286,
      "std": 0.1294815725733984
    },
    "ct_ftp_cmd": {
      "mean": 0.01698214285714286,
      "std": 0.1294815725733984
    },
    "ct_flw_http_mthd": {
      "mean": 0.11689285714285715,
      "std": 0.49585901714146063
    },
    "ct_src_ltm": {
      "mean": 4.061857142857143,
      "std": 3.91603631193387
    },
    "ct_srv_dst": {
      "mean": 5.519696428571429,
      "std": 5.784436839098068
    },
    "is_sm_ips_ports": {
      "mean": 0.04932142857142857,
      "std": 0.21654021005463417
    }
  }
}