{
  "Analysis": {
    "precision": 0.7083333333333334,
    "recall": 0.1275,
    "f1-score": 0.21610169491525424,
    "support": 400.0
  },
  "Backdoor": {
    "precision": 0.6909090909090909,
    "recall": 0.10888252148997135,
    "f1-score": 0.18811881188118812,
    "support": 349.0
  },
  "DoS": {
    "precision": 0.28921568627450983,
    "recall": 0.1924174480228292,
    "f1-score": 0.23108935128518973,
    "support": 2453.0
  },
  "Exploits": {
    "precision": 0.6283806343906511,
    "recall": 0.8453361281628986,
    "f1-score": 0.7208886618998979,
    "support": 6679.0
  },
  "Fuzzers": {
    "precision": 0.7650381248234962,
    "recall": 0.7448446521858675,
    "f1-score": 0.754806352744497,
    "support": 3637.0
  },
  "Generic": {
    "precision": 0.9982170147733062,
    "recall": 0.97975,
    "f1-score": 0.9888973000252335,
    "support": 8000.0
  },
  "Normal": {
    "precision": 0.943095324392896,
    "recall": 0.9292857142857143,
    "f1-score": 0.9361395934520598,
    "support": 11200.0
  },
  "Reconnaissance": {
    "precision": 0.918562874251497,
    "recall": 0.7311725452812202,
    "f1-score": 0.8142250530785563,
    "support": 2098.0
  },
  "Shellcode": {
    "precision": 0.7018348623853211,
    "recall": 0.6740088105726872,
    "f1-score": 0.6876404494382022,
    "support": 227.0
  },
  "Worms": {
    "precision": 0.5,
    "recall": 0.15384615384615385,
    "f1-score": 0.23529411764705882,
    "support": 26.0
  },
  "accuracy": 0.8227494368245459,
  "macro avg": {
    "precision": 0.7143586945534102,
    "recall": 0.5487043973847342,
    "f1-score": 0.5773201386367137,
    "support": 35069.0
  },
  "weighted avg": {
    "precision": 0.8229823997518658,
    "recall": 0.8227494368245459,
    "f1-score": 0.8139781698104139,
    "support": 35069.0
  }
}